0,/Users/devak/Documents/.localized
0,/Users/devak/Documents/notes/Untitled.md
0,/Users/devak/Documents/notes/Z_OLD/tech.md
1016,/Users/devak/Documents/notes/.obsidian/themes/Cidreira Coast.css
1024,/Users/devak/Documents/Syllabi/SEM4 ENGL 2326.pdf
104,/Users/devak/Documents/Screen Shot 2021-04-20 at 5.47.28 PM.png
104,/Users/devak/Documents/notes/.obsidian/plugins/obsidian-embedded-note-titles/main.js
104,/Users/devak/Documents/notes/.obsidian/plugins/obsidian-hider/main.js
1080,/Users/devak/Documents/leetcode_company_wise_questions/Google - LeetCode.pdf
110352,/Users/devak/Documents/Textbooks/Cracking the Coding Interview 189 Programming Questions and Solutions.pdf
1112,/Users/devak/Documents/Syllabi/SEM3 PHYS 1710.pdf
1160,/Users/devak/Documents/Syllabi/SEM2 ENGL 1325.pdf
11816,/Users/devak/Documents/Textbooks/I Tituba Black Witch of Salem.pdf
120,/Users/devak/Documents/Syllabi/SEM4 MATH 2730.pdf
1312,/Users/devak/Documents/notes/IMG_0383 1.heic
1312,/Users/devak/Documents/notes/IMG_0383.heic
1328,/Users/devak/Documents/notes/.git/objects/24/d471158ad5bf21866473c46041d83e272c8fc2
1352,/Users/devak/Documents/notes/.obsidian/themes/Golden Coffee.css
136,/Users/devak/Documents/Syllabi/SEM4 PSCI 2305.docx
144,/Users/devak/Documents/Apartment Hunt.pdf
144,/Users/devak/Documents/University of Illinois - Accept_Decline Admission Offer Confirmation.pdf
144,/Users/devak/Documents/notes/CS 128/_resources/903c9dd467f04c77aeda961b4129422e.png
152,/Users/devak/Documents/notes/CS 128/_resources/c6e4f1a7ff92468281ab243f1653e0a2.png
1592,/Users/devak/Documents/thinkpython2.pdf
16,/Users/devak/Documents/PSCI Writing Assignment 2/.DS_Store
16,/Users/devak/Documents/Syllabi/.DS_Store
16,/Users/devak/Documents/Textbooks/.DS_Store
16,/Users/devak/Documents/leetcode_company_wise_questions/.git/hooks/pre-rebase.sample
16,/Users/devak/Documents/leetcode_company_wise_questions/.git/objects/pack/pack-0cb2858cbe45406d184ae77128d05bf490bb41dd.idx
16,/Users/devak/Documents/notes/.git/hooks/pre-rebase.sample
16,/Users/devak/Documents/notes/ABE 232/ABE 232 - Guest Speaker Bruce Macler.md
16,/Users/devak/Documents/notes/CS 128/.DS_Store
16,/Users/devak/Documents/notes/SAME 211/.DS_Store
16,/Users/devak/Documents/notes/SAME 211/Lectures/2. Intro to Islam cont. + Zionism.md
16,/Users/devak/Documents/notes/SAME 211/Lectures/5. Anderson and White.md
16,/Users/devak/Documents/notes/SAME 211/Readings/8. The Iron Cage.md
16,/Users/devak/Documents/notes/SAME 211/Readings/Crunch Readings/1. WW1 and the End of the Ottoman Empire.md
16,/Users/devak/Documents/notes/SAME 211/Readings/Crunch Readings/5. The First Intifida.md
16,/Users/devak/Documents/notes/SAME 211/Readings/Crunch Readings/6. Palestinian-Israeli Relations Since 1991 Gulf War.md
16,/Users/devak/Documents/notes/SAME 211/YKH Darwashe.md
16,/Users/devak/Documents/reviews.txt
160,/Users/devak/Documents/notes/CS 128/_resources/54776faa04ce4b7dae4dc19d685e74fd.png
160,/Users/devak/Documents/notes/CS 128/_resources/78bddb49172d43fc988b60e2cdb0594f.png
164456,/Users/devak/Documents/Textbooks/James Stewart/ Lothar Redlin/ Saleem Watson - Precalculus_ Mathematics for Calculus-Cengage Learning (2011).pdf
168,/Users/devak/Documents/PSCI Writing Assignment 3/Rep Win w_out Wi/ Mi/ Pa.pdf
168,/Users/devak/Documents/Syllabi/SEM1 CHEM 1410.doc
168,/Users/devak/Documents/leetcode_company_wise_questions/Akuna - LeetCode.pdf
168,/Users/devak/Documents/leetcode_company_wise_questions/AppDynamics - LeetCode.pdf
168,/Users/devak/Documents/leetcode_company_wise_questions/Arista - LeetCode.pdf
168,/Users/devak/Documents/leetcode_company_wise_questions/Blizzard - LeetCode.pdf
168,/Users/devak/Documents/leetcode_company_wise_questions/Booking.com - LeetCode.pdf
168,/Users/devak/Documents/leetcode_company_wise_questions/C3 IoT - LeetCode.pdf
168,/Users/devak/Documents/leetcode_company_wise_questions/Cloudera - LeetCode.pdf
168,/Users/devak/Documents/leetcode_company_wise_questions/Coupang - LeetCode.pdf
168,/Users/devak/Documents/leetcode_company_wise_questions/Drawbridge - LeetCode.pdf
168,/Users/devak/Documents/leetcode_company_wise_questions/Epic Systems - LeetCode.pdf
168,/Users/devak/Documents/leetcode_company_wise_questions/Fallible - LeetCode.pdf
168,/Users/devak/Documents/leetcode_company_wise_questions/Fidessa - LeetCode.pdf
168,/Users/devak/Documents/leetcode_company_wise_questions/Flexport - LeetCode.pdf
168,/Users/devak/Documents/leetcode_company_wise_questions/Flipkart - LeetCode.pdf
168,/Users/devak/Documents/leetcode_company_wise_questions/ForUsAll - LeetCode.pdf
168,/Users/devak/Documents/leetcode_company_wise_questions/GE Digital - LeetCode.pdf
168,/Users/devak/Documents/leetcode_company_wise_questions/Garena - LeetCode.pdf
168,/Users/devak/Documents/leetcode_company_wise_questions/Goo - LeetCode.pdf
168,/Users/devak/Documents/leetcode_company_wise_questions/Groupon - LeetCode.pdf
168,/Users/devak/Documents/leetcode_company_wise_questions/Helix - LeetCode.pdf
168,/Users/devak/Documents/leetcode_company_wise_questions/Hotstar - LeetCode.pdf
168,/Users/devak/Documents/leetcode_company_wise_questions/IIT Bombay - LeetCode.pdf
168,/Users/devak/Documents/leetcode_company_wise_questions/InMobi - LeetCode.pdf
168,/Users/devak/Documents/leetcode_company_wise_questions/Jane Street - LeetCode.pdf
168,/Users/devak/Documents/leetcode_company_wise_questions/Jingchi - LeetCode.pdf
168,/Users/devak/Documents/leetcode_company_wise_questions/Jump Trading - LeetCode.pdf
168,/Users/devak/Documents/leetcode_company_wise_questions/Leap Motion - LeetCode.pdf
168,/Users/devak/Documents/leetcode_company_wise_questions/Lending Club - LeetCode.pdf
168,/Users/devak/Documents/leetcode_company_wise_questions/LimeBike - LeetCode.pdf
168,/Users/devak/Documents/leetcode_company_wise_questions/LiveRamp - LeetCode.pdf
168,/Users/devak/Documents/leetcode_company_wise_questions/MAQ Software - LeetCode.pdf
168,/Users/devak/Documents/leetcode_company_wise_questions/Machine Zone - LeetCode.pdf
168,/Users/devak/Documents/leetcode_company_wise_questions/McKinsey - LeetCode.pdf
168,/Users/devak/Documents/leetcode_company_wise_questions/National Instruments - LeetCode.pdf
168,/Users/devak/Documents/leetcode_company_wise_questions/Netsuite - LeetCode.pdf
168,/Users/devak/Documents/leetcode_company_wise_questions/Poynt - LeetCode.pdf
168,/Users/devak/Documents/leetcode_company_wise_questions/Pure - LeetCode.pdf
168,/Users/devak/Documents/leetcode_company_wise_questions/Qualcomm - LeetCode.pdf
168,/Users/devak/Documents/leetcode_company_wise_questions/Rackspace - LeetCode.pdf
168,/Users/devak/Documents/leetcode_company_wise_questions/Radius - LeetCode.pdf
168,/Users/devak/Documents/leetcode_company_wise_questions/Riot Games - LeetCode.pdf
168,/Users/devak/Documents/leetcode_company_wise_questions/Sapient - LeetCode.pdf
168,/Users/devak/Documents/leetcode_company_wise_questions/ServiceNow - LeetCode.pdf
168,/Users/devak/Documents/leetcode_company_wise_questions/Sina - LeetCode.pdf
168,/Users/devak/Documents/leetcode_company_wise_questions/Spotify - LeetCode.pdf
168,/Users/devak/Documents/leetcode_company_wise_questions/TandemG - LeetCode.pdf
168,/Users/devak/Documents/leetcode_company_wise_questions/Thumbtack - LeetCode.pdf
168,/Users/devak/Documents/leetcode_company_wise_questions/TinyCo - LeetCode.pdf
168,/Users/devak/Documents/leetcode_company_wise_questions/Valve - LeetCode.pdf
168,/Users/devak/Documents/leetcode_company_wise_questions/Works Applications - LeetCode.pdf
168,/Users/devak/Documents/leetcode_company_wise_questions/Yatra - LeetCode.pdf
168,/Users/devak/Documents/leetcode_company_wise_questions/Zappos - LeetCode.pdf
168,/Users/devak/Documents/leetcode_company_wise_questions/akamai - LeetCode.pdf
168,/Users/devak/Documents/leetcode_company_wise_questions/druva - LeetCode.pdf
168,/Users/devak/Documents/leetcode_company_wise_questions/snapdeal - LeetCode.pdf
168,/Users/devak/Documents/leetcode_company_wise_questions/wayfair - LeetCode.pdf
168,/Users/devak/Documents/leetcode_company_wise_questions/zalando - LeetCode.pdf
168,/Users/devak/Documents/notes/CS 128/_resources/b5bab658c3714fd1bda0dfa25f0fffc7.png
168,/Users/devak/Documents/notes/CS 128/_resources/ff0780e3c250436d8765d61fb5bebfb5.png
176,/Users/devak/Documents/leetcode_company_wise_questions/Aetion - LeetCode.pdf
176,/Users/devak/Documents/leetcode_company_wise_questions/Alation - LeetCode.pdf
176,/Users/devak/Documents/leetcode_company_wise_questions/Arista Networks - LeetCode.pdf
176,/Users/devak/Documents/leetcode_company_wise_questions/BlackRock - LeetCode.pdf
176,/Users/devak/Documents/leetcode_company_wise_questions/Databricks - LeetCode.pdf
176,/Users/devak/Documents/leetcode_company_wise_questions/Dataminr - LeetCode.pdf
176,/Users/devak/Documents/leetcode_company_wise_questions/Deutsche Bank - LeetCode.pdf
176,/Users/devak/Documents/leetcode_company_wise_questions/EMC - LeetCode.pdf
176,/Users/devak/Documents/leetcode_company_wise_questions/Gilt Groupe - LeetCode.pdf
176,/Users/devak/Documents/leetcode_company_wise_questions/HTC - LeetCode.pdf
176,/Users/devak/Documents/leetcode_company_wise_questions/Huawei - LeetCode.pdf
176,/Users/devak/Documents/leetcode_company_wise_questions/Morgan Stanley - LeetCode.pdf
176,/Users/devak/Documents/leetcode_company_wise_questions/Netflix - LeetCode.pdf
176,/Users/devak/Documents/leetcode_company_wise_questions/Pocket Gems - LeetCode.pdf
176,/Users/devak/Documents/leetcode_company_wise_questions/Pony.ai - LeetCode.pdf
176,/Users/devak/Documents/leetcode_company_wise_questions/Quip - LeetCode.pdf
176,/Users/devak/Documents/leetcode_company_wise_questions/Redfin - LeetCode.pdf
176,/Users/devak/Documents/leetcode_company_wise_questions/Roblox - LeetCode.pdf
176,/Users/devak/Documents/leetcode_company_wise_questions/Rubrik - LeetCode.pdf
176,/Users/devak/Documents/leetcode_company_wise_questions/Square - LeetCode.pdf
176,/Users/devak/Documents/leetcode_company_wise_questions/Sumologic - LeetCode.pdf
176,/Users/devak/Documents/leetcode_company_wise_questions/Symantec - LeetCode.pdf
176,/Users/devak/Documents/leetcode_company_wise_questions/TripleByte - LeetCode.pdf
176,/Users/devak/Documents/leetcode_company_wise_questions/Zenefits - LeetCode.pdf
176,/Users/devak/Documents/leetcode_company_wise_questions/Zynga - LeetCode.pdf
176,/Users/devak/Documents/notes/CS 128/_resources/83f06a1bba4d4c45bba92862de5967d1.png
176,/Users/devak/Documents/notes/CS 128/_resources/cd6a948567af49638a9d1b613031aa73.png
1824,/Users/devak/Documents/Phys Lab Math Rev.pdf
184,/Users/devak/Documents/leetcode_company_wise_questions/Akuna Capital - LeetCode.pdf
184,/Users/devak/Documents/leetcode_company_wise_questions/Box - LeetCode.pdf
184,/Users/devak/Documents/leetcode_company_wise_questions/Citadel - LeetCode.pdf
184,/Users/devak/Documents/leetcode_company_wise_questions/Citrix - LeetCode.pdf
184,/Users/devak/Documents/leetcode_company_wise_questions/DoorDash - LeetCode.pdf
184,/Users/devak/Documents/leetcode_company_wise_questions/Grab - LeetCode.pdf
184,/Users/devak/Documents/leetcode_company_wise_questions/Houzz - LeetCode.pdf
184,/Users/devak/Documents/leetcode_company_wise_questions/IBM - LeetCode.pdf
184,/Users/devak/Documents/leetcode_company_wise_questions/Intel - LeetCode.pdf
184,/Users/devak/Documents/leetcode_company_wise_questions/NetEase - LeetCode.pdf
184,/Users/devak/Documents/leetcode_company_wise_questions/Palantir Technologies - LeetCode.pdf
184,/Users/devak/Documents/leetcode_company_wise_questions/Pure Storage - LeetCode.pdf
184,/Users/devak/Documents/leetcode_company_wise_questions/Tableau - LeetCode.pdf
184,/Users/devak/Documents/leetcode_company_wise_questions/TripAdvisor - LeetCode.pdf
184,/Users/devak/Documents/leetcode_company_wise_questions/Twilio - LeetCode.pdf
184,/Users/devak/Documents/leetcode_company_wise_questions/Wish - LeetCode.pdf
1872,/Users/devak/Documents/notes/Pasted image 20210928161919.png
192,/Users/devak/Documents/Receipt _ Driver License Renewal and Address Change _ Texas.gov.pdf
192,/Users/devak/Documents/Syllabi/SEM2 PHIL 1050.pdf
192,/Users/devak/Documents/leetcode_company_wise_questions/Affirm - LeetCode.pdf
192,/Users/devak/Documents/leetcode_company_wise_questions/Capital One - LeetCode.pdf
192,/Users/devak/Documents/leetcode_company_wise_questions/Coursera - LeetCode.pdf
192,/Users/devak/Documents/leetcode_company_wise_questions/Dropbox - LeetCode.pdf
192,/Users/devak/Documents/leetcode_company_wise_questions/GoDaddy - LeetCode.pdf
192,/Users/devak/Documents/leetcode_company_wise_questions/Hulu - LeetCode.pdf
192,/Users/devak/Documents/leetcode_company_wise_questions/IXL - LeetCode.pdf
192,/Users/devak/Documents/leetcode_company_wise_questions/Intuit - LeetCode.pdf
192,/Users/devak/Documents/leetcode_company_wise_questions/JPMorgan - LeetCode.pdf
192,/Users/devak/Documents/leetcode_company_wise_questions/Nutanix - LeetCode.pdf
192,/Users/devak/Documents/leetcode_company_wise_questions/Samsung - LeetCode.pdf
192,/Users/devak/Documents/leetcode_company_wise_questions/Two Sigma - LeetCode.pdf
1992,/Users/devak/Documents/PSCI Writing Assignment 2/3) Screenshot of Submission Guidelines.pdf
200,/Users/devak/Documents/Syllabi/SEM1 MATH 1650.pdf
200,/Users/devak/Documents/leetcode_company_wise_questions/Nvidia - LeetCode.pdf
200,/Users/devak/Documents/leetcode_company_wise_questions/Qualtrics - LeetCode.pdf
200,/Users/devak/Documents/leetcode_company_wise_questions/Quora - LeetCode.pdf
200,/Users/devak/Documents/leetcode_company_wise_questions/SAP - LeetCode.pdf
200,/Users/devak/Documents/leetcode_company_wise_questions/Visa - LeetCode.pdf
200,/Users/devak/Documents/leetcode_company_wise_questions/Yandex - LeetCode.pdf
200,/Users/devak/Documents/notes/CS 128/_resources/08c36a20ab134d1fb8097db045f97ec7.png
200,/Users/devak/Documents/notes/CS 128/_resources/57f46a21724f4e1bb5345f668578ab8d.png
200,/Users/devak/Documents/notes/Pasted image 20210923181956.png
2048,/Users/devak/Documents/5. Cohen - Year Zero.pdf
208,/Users/devak/Documents/leetcode_company_wise_questions/Mathworks - LeetCode.pdf
208,/Users/devak/Documents/leetcode_company_wise_questions/Tencent - LeetCode.pdf
208,/Users/devak/Documents/notes/CS 128/_resources/cc2e4b9a25e64e43840bcc5c0f830e81.png
216,/Users/devak/Documents/PSCI Writing Assignment 3/269 Tie.pdf
216,/Users/devak/Documents/PSCI Writing Assignment 3/Dem Win.pdf
216,/Users/devak/Documents/Screen Shot 2021-04-20 at 5.17.27 PM.png
216,/Users/devak/Documents/leetcode_company_wise_questions/Baidu - LeetCode.pdf
216,/Users/devak/Documents/leetcode_company_wise_questions/Indeed - LeetCode.pdf
216,/Users/devak/Documents/leetcode_company_wise_questions/Pinterest - LeetCode.pdf
216,/Users/devak/Documents/leetcode_company_wise_questions/Snapchat - LeetCode.pdf
216,/Users/devak/Documents/leetcode_company_wise_questions/Yelp - LeetCode.pdf
216,/Users/devak/Documents/notes/CS 128/_resources/ed89f867939e4c289ef2f2815da2e22d.png
224,/Users/devak/Documents/leetcode_company_wise_questions/Paypal - LeetCode.pdf
224,/Users/devak/Documents/leetcode_company_wise_questions/Zillow - LeetCode.pdf
2280,/Users/devak/Documents/Syllabi/SEM3 HIST 2610.pdf
229400,/Users/devak/Documents/Textbooks/Hugh D. Young/ Roger A. Freedman - University Physics with Modern Physics (15th Edition)-Pearson (2019).pdf
232,/Users/devak/Documents/Syllabi/SEM4 CSCE 2110.pdf
232,/Users/devak/Documents/leetcode_company_wise_questions/Airbnb - LeetCode.pdf
232,/Users/devak/Documents/leetcode_company_wise_questions/Expedia - LeetCode.pdf
232,/Users/devak/Documents/leetcode_company_wise_questions/Lyft - LeetCode.pdf
232,/Users/devak/Documents/leetcode_company_wise_questions/eBay - LeetCode.pdf
232,/Users/devak/Documents/notes/CS 128/_resources/c9445009bf27428e90b95cfc9995549b.png
24,/Users/devak/Documents/2020 mid year unofficial transcript.pdf
24,/Users/devak/Documents/Nord.itermcolors
24,/Users/devak/Documents/Zoom/.DS_Store
24,/Users/devak/Documents/notes/.DS_Store
24,/Users/devak/Documents/notes/.obsidian/cache
24,/Users/devak/Documents/notes/.obsidian/plugins/obsidian-embedded-code-title/main.js
24,/Users/devak/Documents/notes/.obsidian/themes/Obsidian Nord.css
24,/Users/devak/Documents/notes/CS 128/_resources/efd35839594348779286bdb65de45b35.png
24,/Users/devak/Documents/notes/SAME 211/Readings/6. Cohen - Year Zero.md
24,/Users/devak/Documents/notes/SAME 211/Readings/Crunch Readings/4. Israel and the Palestinians from 1948 to 1970s.md
24,/Users/devak/Documents/notes/Z_OLD/obsidian.css
240,/Users/devak/Documents/leetcode_company_wise_questions/Cisco - LeetCode.pdf
240,/Users/devak/Documents/leetcode_company_wise_questions/Salesforce - LeetCode.pdf
240,/Users/devak/Documents/leetcode_company_wise_questions/Twitter - LeetCode.pdf
240,/Users/devak/Documents/leetcode_company_wise_questions/VMware - LeetCode.pdf
240,/Users/devak/Documents/notes/CS 128/_resources/6e44850f316c4c3296a195e8e912a1a1.png
243592,/Users/devak/Documents/Textbooks/James Stewart - Calculus-Cengage Learning (2015).pdf
24584,/Users/devak/Documents/Textbooks/Nancy A. Hewitt_ Steven F Lawson - Exploring American Histories/ Volume 1_ A Survey with Sources 1(2019/ Bedford Books) - libgen.lc.epub
24584,/Users/devak/Documents/poster.pdf
24584,/Users/devak/Documents/temporal_distnace_map_poster.pdf
248,/Users/devak/Documents/Syllabi/SEM2 MATH 1710.pdf
248,/Users/devak/Documents/leetcode_company_wise_questions/Alibaba - LeetCode.pdf
248,/Users/devak/Documents/notes/CS 128/_resources/9fc3e8d0b38f4f988365a3dd0f2034bc.png
256,/Users/devak/Documents/notes/.obsidian/themes/Minimal.css
256,/Users/devak/Documents/notes/CS 128/_resources/efcb0ac5f1924e55b3f8f29dcaed4d07.png
2624,/Users/devak/Documents/notes/Pasted image 20210923141816.png
264,/Users/devak/Documents/leetcode_company_wise_questions/Walmart Labs - LeetCode.pdf
272,/Users/devak/Documents/leetcode_company_wise_questions/Oracle - LeetCode.pdf
272,/Users/devak/Documents/notes/CS 128/_resources/fcc61973f3c14e088669ed713aeb6cfc.png
280,/Users/devak/Documents/leetcode_company_wise_questions/Goldman Sachs - LeetCode.pdf
28096,/Users/devak/Documents/leetcode_company_wise_questions/.git/objects/pack/pack-0cb2858cbe45406d184ae77128d05bf490bb41dd.pack
288,/Users/devak/Documents/PSCI Writing Assignment 3/Rep Win w:out Wi/ Mi/ Pa.png
288,/Users/devak/Documents/Syllabi/SEM4 PHYS LAB 2240.docx
296,/Users/devak/Documents/Syllabi/SEM3 MATH 1720.pdf
312,/Users/devak/Documents/Devak Nanda-compressed.pdf
3120,/Users/devak/Documents/Textbooks/Module 1 Stories.pdf
32,/Users/devak/Documents/PSCI Writing Assignment 2/1) Letter to the Editor.docx
32,/Users/devak/Documents/PSCI Writing Assignment 2/2) Articles Read.docx
32,/Users/devak/Documents/PSCI Writing Assignment 3/Writing Assignment 3.docx
32,/Users/devak/Documents/leetcode_company_wise_questions/.git/index
32,/Users/devak/Documents/notes/.obsidian/plugins/obsidian-style-settings/styles.css
32,/Users/devak/Documents/notes/.obsidian/themes/Everforest.css
32,/Users/devak/Documents/notes/CS 128/_resources/5468ebdbd8d4438786ddb6c6cd2d5308.png
320,/Users/devak/Documents/leetcode_company_wise_questions/Yahoo - LeetCode.pdf
336,/Users/devak/Documents/Syllabi/SEM4 HIST 2620.pdf
344,/Users/devak/Documents/Syllabi/SEM3 BLAW 3430.pdf
352,/Users/devak/Documents/PSCI Writing Assignment 3/269 Tie.png
352,/Users/devak/Documents/PSCI Writing Assignment 3/Dem Win.png
352,/Users/devak/Documents/Project Two- Inforgraphic.pdf
360,/Users/devak/Documents/leetcode_company_wise_questions/LinkedIn - LeetCode.pdf
364600,/Users/devak/Documents/Textbooks/(WCB Chemistry) Burdge/ Julia_ Overby/ Jason - Chemistry_ Atoms First-McGraw-Hill Education (2017).pdf
40,/Users/devak/Documents/SAME - Reading Crunch.docx
40,/Users/devak/Documents/notes/CS 128/General Notes/CS 128 Proficiency Exam.md
40,/Users/devak/Documents/notes/SAME 211/Readings/Crunch Readings/2. Palestine Mandate and the Birth of the State of Israel.md
400,/Users/devak/Documents/notes/.git/objects/28/f0dc8f4549a6a190761af5cb922aff3efbf49f
408,/Users/devak/Documents/Conditional TSI Compliance Contract 04232020 copy.pdf
416,/Users/devak/Documents/leetcode_company_wise_questions/Adobe - LeetCode.pdf
424,/Users/devak/Documents/Theory/God and the State - Michail Bakumin.pdf
432,/Users/devak/Documents/Syllabi/SEM3 ENGL 2331.pdf
448,/Users/devak/Documents/Syllabi/SEM2 CHEM 1420.pdf
456,/Users/devak/Documents/Syllabi/SEM1 CSCE 1030.pdf
456,/Users/devak/Documents/notes/Z_OLD/Pasted image 1.png
464,/Users/devak/Documents/leetcode_company_wise_questions/Apple - LeetCode.pdf
472,/Users/devak/Documents/leetcode_company_wise_questions/Bloomberg - LeetCode.pdf
48,/Users/devak/Documents/notes/.obsidian/themes/Notation.css
48,/Users/devak/Documents/notes/CS 128/General Notes/CS Proficiency Exam 2.md
48,/Users/devak/Documents/notes/CS 128/_resources/7544122fd12b43ba8fdf94599d5afb66.png
480,/Users/devak/Documents/leetcode_company_wise_questions/Uber - LeetCode.pdf
48064,/Users/devak/Documents/Textbooks/Exploring American Histories/ Volume 1 A Survey with Sources by Nancy A. Hewitt Steven F Lawson (z-lib.org) (1).pdf
488,/Users/devak/Documents/Syllabi/SEM1 CHEM LAB 1430.pdf
488,/Users/devak/Documents/notes/.obsidian/themes/Obsidian Windows 98 Edition.css
496,/Users/devak/Documents/Syllabi/SEM2 CHEM LAB 1440.pdf
512,/Users/devak/Documents/2021-2022 Georgia Tech Application for Scholarships and Financial Aid (GT App)_ Confirmation.pdf
512,/Users/devak/Documents/notes/CS 128/_resources/1b53b4075b4044c78d33d26f3d1ebd6f.png
520,/Users/devak/Documents/Syllabi/SEM1 ENGL 1315.pdf
536,/Users/devak/Documents/notes/CS 128/_resources/354f9f5237f2457ebc6dde85a8be0ba8.png
56,/Users/devak/Documents/.DS_Store
56,/Users/devak/Documents/notes/CS 128/_resources/0a0cec9540e04cd5b0779d5d5b03fffc.png
56,/Users/devak/Documents/notes/CS 128/_resources/38745433d23041b4b6da05dc4f5c1aef.png
560,/Users/devak/Documents/notes/.obsidian/plugins/obsidian-style-settings/main.js
6272,/Users/devak/Documents/notes/.obsidian/plugins/table-editor-obsidian/main.js
632,/Users/devak/Documents/notes/.obsidian/themes/California Coast.css
64,/Users/devak/Documents/Maintenance.pdf
64,/Users/devak/Documents/notes/.git/objects/16/6373baa0dcfd50ae48edd8dff75a9ee074907c
64,/Users/devak/Documents/notes/CS 128/_resources/b0cff3b7c87e476ea146945137830578.png
664,/Users/devak/Documents/leetcode_company_wise_questions/Microsoft - LeetCode.pdf
704,/Users/devak/Documents/What-to-Wear.pdf
72,/Users/devak/Documents/Syllabi/SEM2 CSCE 1040.docx
72,/Users/devak/Documents/Syllabi/SEM3 CSCE 2100.docx
72,/Users/devak/Documents/notes/CS 128/_resources/3292a308af014e93aa415d3f5aa254dc.png
72,/Users/devak/Documents/notes/CS 128/_resources/b5a40d062117456ab4a0d90a5f878881.png
72,/Users/devak/Documents/test.csv
720,/Users/devak/Documents/Syllabi/SEM3 PHYS LAB 1730.pdf
752,/Users/devak/Documents/Syllabi/SEM4 PHYS 2220.pdf
760,/Users/devak/Documents/leetcode_company_wise_questions/Facebook - LeetCode.pdf
8,/Users/devak/Documents/I dont know but seems important.txt
8,/Users/devak/Documents/Zoom/2020-08-02 15.03.41 Devak Nanda's Zoom Meeting 96626805047/meeting_saved_chat.txt
8,/Users/devak/Documents/Zoom/2020-08-03 09.57.53 Devak Nanda's Zoom Meeting 93833432054/meeting_saved_chat.txt
8,/Users/devak/Documents/Zoom/2021-09-15 10.19.54 CS 128 Virtual Office Hours 87658294549/meeting_saved_chat.txt
8,/Users/devak/Documents/Zoom/2021-09-27 18.47.02 CS 128 Virtual Office Hours 82200305266/meeting_saved_chat.txt
8,/Users/devak/Documents/leetcode_company_wise_questions/.git/HEAD
8,/Users/devak/Documents/leetcode_company_wise_questions/.git/config
8,/Users/devak/Documents/leetcode_company_wise_questions/.git/description
8,/Users/devak/Documents/leetcode_company_wise_questions/.git/hooks/applypatch-msg.sample
8,/Users/devak/Documents/leetcode_company_wise_questions/.git/hooks/commit-msg.sample
8,/Users/devak/Documents/leetcode_company_wise_questions/.git/hooks/fsmonitor-watchman.sample
8,/Users/devak/Documents/leetcode_company_wise_questions/.git/hooks/post-update.sample
8,/Users/devak/Documents/leetcode_company_wise_questions/.git/hooks/pre-applypatch.sample
8,/Users/devak/Documents/leetcode_company_wise_questions/.git/hooks/pre-commit.sample
8,/Users/devak/Documents/leetcode_company_wise_questions/.git/hooks/pre-merge-commit.sample
8,/Users/devak/Documents/leetcode_company_wise_questions/.git/hooks/pre-push.sample
8,/Users/devak/Documents/leetcode_company_wise_questions/.git/hooks/pre-receive.sample
8,/Users/devak/Documents/leetcode_company_wise_questions/.git/hooks/prepare-commit-msg.sample
8,/Users/devak/Documents/leetcode_company_wise_questions/.git/hooks/update.sample
8,/Users/devak/Documents/leetcode_company_wise_questions/.git/info/exclude
8,/Users/devak/Documents/leetcode_company_wise_questions/.git/logs/HEAD
8,/Users/devak/Documents/leetcode_company_wise_questions/.git/logs/refs/heads/master
8,/Users/devak/Documents/leetcode_company_wise_questions/.git/logs/refs/remotes/origin/HEAD
8,/Users/devak/Documents/leetcode_company_wise_questions/.git/packed-refs
8,/Users/devak/Documents/leetcode_company_wise_questions/.git/refs/heads/master
8,/Users/devak/Documents/leetcode_company_wise_questions/.git/refs/remotes/origin/HEAD
8,/Users/devak/Documents/leetcode_company_wise_questions/README.md
8,/Users/devak/Documents/notes/.git/COMMIT_EDITMSG
8,/Users/devak/Documents/notes/.git/HEAD
8,/Users/devak/Documents/notes/.git/config
8,/Users/devak/Documents/notes/.git/description
8,/Users/devak/Documents/notes/.git/hooks/applypatch-msg.sample
8,/Users/devak/Documents/notes/.git/hooks/commit-msg.sample
8,/Users/devak/Documents/notes/.git/hooks/fsmonitor-watchman.sample
8,/Users/devak/Documents/notes/.git/hooks/post-update.sample
8,/Users/devak/Documents/notes/.git/hooks/pre-applypatch.sample
8,/Users/devak/Documents/notes/.git/hooks/pre-commit.sample
8,/Users/devak/Documents/notes/.git/hooks/pre-merge-commit.sample
8,/Users/devak/Documents/notes/.git/hooks/pre-push.sample
8,/Users/devak/Documents/notes/.git/hooks/pre-receive.sample
8,/Users/devak/Documents/notes/.git/hooks/prepare-commit-msg.sample
8,/Users/devak/Documents/notes/.git/hooks/update.sample
8,/Users/devak/Documents/notes/.git/index
8,/Users/devak/Documents/notes/.git/info/exclude
8,/Users/devak/Documents/notes/.git/logs/HEAD
8,/Users/devak/Documents/notes/.git/logs/refs/heads/master
8,/Users/devak/Documents/notes/.git/logs/refs/remotes/origin/master
8,/Users/devak/Documents/notes/.git/objects/05/f37cb0f75f9f726b7447a23dcd83672f78909d
8,/Users/devak/Documents/notes/.git/objects/08/3b0cf8b1844954b66bca523a81eeca70b1bc2c
8,/Users/devak/Documents/notes/.git/objects/1f/7e61afbb92f6ab4db7cffbf6c02529b25d653f
8,/Users/devak/Documents/notes/.git/objects/20/a9ca5767a8b795bc8510df95e56c32513a453d
8,/Users/devak/Documents/notes/.git/objects/29/a01440889b49326fca8dba6aa5d4893949f186
8,/Users/devak/Documents/notes/.git/objects/2d/23f2528c9b3eb40f36cd2816ea60e670fe4e95
8,/Users/devak/Documents/notes/.git/objects/32/362485f569209283a1ee650044e346281adf31
8,/Users/devak/Documents/notes/.git/objects/39/fed5b5e2781c3479a084ddfb841122ee1f20a5
8,/Users/devak/Documents/notes/.git/objects/3c/294b0138ce0733f8b0a0c7b7bc135b0e0fd738
8,/Users/devak/Documents/notes/.git/objects/3e/f0499bba59c2e5acb08fe557ad8bb150871320
8,/Users/devak/Documents/notes/.git/objects/59/20ffc297044794622d82dc2264fff00a73b88f
8,/Users/devak/Documents/notes/.git/objects/5b/9bc507124b77e4c03b7d003489eaa5b9f97168
8,/Users/devak/Documents/notes/.git/objects/60/497abd834e880e56c3f8333df165c057197c4b
8,/Users/devak/Documents/notes/.git/objects/63/ab14074e0cf353bfdc2360d2dc04e7606d9fda
8,/Users/devak/Documents/notes/.git/objects/66/d08a5d66e2571e533bd4028ae4069da486d5eb
8,/Users/devak/Documents/notes/.git/objects/69/aaf177683a2d2d4f23805af000c6347a6969b7
8,/Users/devak/Documents/notes/.git/objects/6f/7c196670ed8ee84d101ccb83735d00cab09503
8,/Users/devak/Documents/notes/.git/objects/7c/6177db74f62b644144d3834c232cd352944ae8
8,/Users/devak/Documents/notes/.git/objects/86/da6cb3f88f5fea904fe00c4b6204721397397e
8,/Users/devak/Documents/notes/.git/objects/8c/614f5cef44628ac975b8ebe16cd7f50260291f
8,/Users/devak/Documents/notes/.git/objects/8c/a8cd7b27fe2e5f1e01f7975a7317c7e8e95bb7
8,/Users/devak/Documents/notes/.git/objects/94/1d0057680ac3e68d2971171733a8a73ab58fb9
8,/Users/devak/Documents/notes/.git/objects/96/0cdf9e6063578c50dd868035e9f7cc0dd698d4
8,/Users/devak/Documents/notes/.git/objects/97/97497dcc4ac40988cf0f6105ff93a45b239b81
8,/Users/devak/Documents/notes/.git/objects/9c/6e174aa29659c42a1cde778577877a642fad01
8,/Users/devak/Documents/notes/.git/objects/b1/827e75fe141b6b9d57c6ab1d9fdc26ce524234
8,/Users/devak/Documents/notes/.git/objects/b5/5dad9f44323797e5bc09133b0e4c2ab4365d63
8,/Users/devak/Documents/notes/.git/objects/bb/937d282b874236f59218c33421b8ef3a212d6f
8,/Users/devak/Documents/notes/.git/objects/c3/c5a1b9fd9b470788eb21c643b2558224ff4e21
8,/Users/devak/Documents/notes/.git/objects/cb/5bba897c7d2f81dc81d30f207c34aebdcad7aa
8,/Users/devak/Documents/notes/.git/objects/d6/896ae862cfd37b49c6a46428f96d6c88f2c8c7
8,/Users/devak/Documents/notes/.git/objects/e0/8b2e5882494505f3bf4b36a82087d774680293
8,/Users/devak/Documents/notes/.git/objects/e6/9de29bb2d1d6434b8b29ae775ad8c2e48c5391
8,/Users/devak/Documents/notes/.git/objects/e8/0ca4c1a0b5bebfd314461e79a7d7702bcc9225
8,/Users/devak/Documents/notes/.git/objects/ec/07201591596ea893adb1cfc4b7e363838db699
8,/Users/devak/Documents/notes/.git/objects/f4/5ce1b11508d83e64d4d65458210ab79f66c07c
8,/Users/devak/Documents/notes/.git/objects/f6/af85fc76cfbe65b9e61536748c163e3f123156
8,/Users/devak/Documents/notes/.git/objects/f8/36e97723b14fd4bd345ddf697c474766744724
8,/Users/devak/Documents/notes/.git/objects/f8/f684e8a13effd37272c4d16ef9d0d84055151a
8,/Users/devak/Documents/notes/.git/objects/fa/4e09d1f3b241f3ce6a07fa7374cac95c2087bf
8,/Users/devak/Documents/notes/.git/objects/fa/fcdb2721a46ca781ff3d6f2f19beabe5c770e2
8,/Users/devak/Documents/notes/.git/refs/heads/master
8,/Users/devak/Documents/notes/.git/refs/remotes/origin/master
8,/Users/devak/Documents/notes/.obsidian/app.json
8,/Users/devak/Documents/notes/.obsidian/appearance.json
8,/Users/devak/Documents/notes/.obsidian/community-plugins.json
8,/Users/devak/Documents/notes/.obsidian/core-plugins.json
8,/Users/devak/Documents/notes/.obsidian/graph.json
8,/Users/devak/Documents/notes/.obsidian/hotkeys.json
8,/Users/devak/Documents/notes/.obsidian/plugins/obsidian-embedded-code-title/manifest.json
8,/Users/devak/Documents/notes/.obsidian/plugins/obsidian-embedded-code-title/styles.css
8,/Users/devak/Documents/notes/.obsidian/plugins/obsidian-embedded-note-titles/manifest.json
8,/Users/devak/Documents/notes/.obsidian/plugins/obsidian-hider/data.json
8,/Users/devak/Documents/notes/.obsidian/plugins/obsidian-hider/manifest.json
8,/Users/devak/Documents/notes/.obsidian/plugins/obsidian-hider/styles.css
8,/Users/devak/Documents/notes/.obsidian/plugins/obsidian-style-settings/data.json
8,/Users/devak/Documents/notes/.obsidian/plugins/obsidian-style-settings/manifest.json
8,/Users/devak/Documents/notes/.obsidian/plugins/table-editor-obsidian/data.json
8,/Users/devak/Documents/notes/.obsidian/plugins/table-editor-obsidian/manifest.json
8,/Users/devak/Documents/notes/.obsidian/plugins/table-editor-obsidian/styles.css
8,/Users/devak/Documents/notes/.obsidian/workspace
8,/Users/devak/Documents/notes/ABE 232 - Mayerson JCC talk.md
8,/Users/devak/Documents/notes/ABE 232/ABE 232 - Appropriate Scale Mechanization for Global Development.md
8,/Users/devak/Documents/notes/ABE 232/ABE 232 - Contextual Engineering Method.md
8,/Users/devak/Documents/notes/ABE 232/ABE 232 - Dunn Reading.md
8,/Users/devak/Documents/notes/ABE 232/ABE 232 - EWB Process & Final Project Team.md
8,/Users/devak/Documents/notes/ABE 232/ABE 232 - Intro to Contextual Engineering.md
8,/Users/devak/Documents/notes/ABE 232/ABE 232 - Literature Review.md
8,/Users/devak/Documents/notes/ABE 232/ABE 232 - Midterm Review & Innovative Self-Sufficiency.md
8,/Users/devak/Documents/notes/ABE 232/ABE 232 - Need For a New Approach.md
8,/Users/devak/Documents/notes/ABE 232/ABE 232 - New Perspectives and Standards.md
8,/Users/devak/Documents/notes/ABE 232/ABE 232 - Rural vs. Urban.md
8,/Users/devak/Documents/notes/ABE 232/ABE 232 - Stakeholder Perceptions and Attitudes.md
8,/Users/devak/Documents/notes/ABE 232/ABE 232 - Week 9 Reading.md
8,/Users/devak/Documents/notes/ABE 232/ABE 232 Syllabus.md
8,/Users/devak/Documents/notes/Apartment Hunt.md
8,/Users/devak/Documents/notes/CS 128H/2 - Rust Env & Cargo.md
8,/Users/devak/Documents/notes/CS 128H/3.1 - Rust Variables and Mutability.md
8,/Users/devak/Documents/notes/CS 128H/3.2 - Types.md
8,/Users/devak/Documents/notes/CS 128H/3.3 - Control Flow.md
8,/Users/devak/Documents/notes/CS 128H/3.4 - Rust IO.md
8,/Users/devak/Documents/notes/CS 128H/4 - Modules and Packages.md
8,/Users/devak/Documents/notes/MATH 241/MATH 241 Syllabus.md
8,/Users/devak/Documents/notes/RSO/ACM/SIGAIDA Info Night 9-2.md
8,/Users/devak/Documents/notes/RSO/IFH/9-1 Meeting.md
8,/Users/devak/Documents/notes/RSO/IFH/9-15 Meeting.md
8,/Users/devak/Documents/notes/SAME 211/Lectures/1. Intro to Course + Afghanistan.md
8,/Users/devak/Documents/notes/SAME 211/Lectures/11. Settler Colonialism.md
8,/Users/devak/Documents/notes/SAME 211/Lectures/3. Intro to Islam Discussion.md
8,/Users/devak/Documents/notes/SAME 211/Lectures/4. Reading Crunch Q&A.md
8,/Users/devak/Documents/notes/SAME 211/Lectures/6. Year Zero and 1929.md
8,/Users/devak/Documents/notes/SAME 211/Lectures/7. Yossi Klein Halevi.md
8,/Users/devak/Documents/notes/SAME 211/Lectures/8.  YKH - Darwashe Talks.md
8,/Users/devak/Documents/notes/SAME 211/Lectures/8. Reading Excercise.md
8,/Users/devak/Documents/notes/SAME 211/Lectures/9. 1948.md
8,/Users/devak/Documents/notes/SAME 211/Lectures/9. Colliding Dreams.md
8,/Users/devak/Documents/notes/SAME 211/Readings/1. Intro to Islam.md
8,/Users/devak/Documents/notes/SAME 211/Readings/2. Zionist-Arab Incident of Zarnuqa 1913.md
8,/Users/devak/Documents/notes/SAME 211/Readings/6. Khalidi - Origins of Arab Nationalism.md
8,/Users/devak/Documents/notes/SAME 211/Readings/7. Letters to My Palestinian Neighbor.md
8,/Users/devak/Documents/notes/SAME 211/Readings/Crunch Readings/3. 1967 and Nassers Era.md
8,/Users/devak/Documents/notes/SAME 211/SAME 211 Syllabus.md
8,/Users/devak/Documents/notes/WCS General Meeting One.md
8,/Users/devak/Documents/notes/Z_OLD/2020-06-17.md
8,/Users/devak/Documents/notes/Z_OLD/2020-06-18.md
8,/Users/devak/Documents/notes/Z_OLD/2020-06-20.md
8,/Users/devak/Documents/notes/Z_OLD/2020-06-21.md
8,/Users/devak/Documents/notes/Z_OLD/GK68XS.md
8,/Users/devak/Documents/notes/Z_OLD/How I passed the TensorFlow Developer Certification exam (and how you can too).md
8,/Users/devak/Documents/notes/Z_OLD/James Baldwin.md
8,/Users/devak/Documents/notes/Z_OLD/Keras.md
8,/Users/devak/Documents/notes/Z_OLD/Meeting Notes - 6-29-2020.md
8,/Users/devak/Documents/notes/Z_OLD/Meeting Notes - 7-6-2020.md
8,/Users/devak/Documents/notes/Z_OLD/Obsidian - The Basics of Taking Notes - Effective Remote Work.md
8,/Users/devak/Documents/notes/Z_OLD/TDM notes.md
8,/Users/devak/Documents/notes/Z_OLD/keyboard.md
8,/Users/devak/Documents/notes/Z_OLD/progress in CV.md
8,/Users/devak/Documents/~$ke/ Stanford/ Rice Essays.docx
8,/Users/devak/Documents/~$mmonAppFAQ.docx
800,/Users/devak/Documents/notes/.git/objects/66/ddfa9c8caedb5c5772e8d653681fd128f8fc24
808,/Users/devak/Documents/notes/Z_OLD/Pasted image.png
880,/Users/devak/Documents/notes/CS 128/_resources/93b7a8813fc54c51965c1941125cf2e9.png
888,/Users/devak/Documents/leetcode_company_wise_questions/Amazon - LeetCode.pdf
96,/Users/devak/Documents/notes/CS 128/_resources/395666755b5c40289f0a4cf3b9e87bf9.png
96,/Users/devak/Documents/notes/CS 128/_resources/cf09c2805d194f809c1f9cf075464738.png
968,/Users/devak/Documents/notes/Pasted image 20210921144924.png
